id,first_name,last_name,gender,Age,email,Account_balance,Car_Model_Year
1,Susannah,Headford,Female,67,sheadford0@deliciousdays.com,$5427.15,1993
2,Mozes,Fairburne,Male,23,mfairburne1@google.com.br,$14345.13,2010
3,Alexis,Lyver,Male,67,alyver2@google.ca,$1469.58,1992
4,Orran,Stuckes,Male,50,ostuckes3@gov.uk,$5375.54,2009
5,Jasun,Beer,Male,50,jbeer4@ted.com,$12352.14,2002
6,Jervis,Trimmill,Genderqueer,52,jtrimmill5@chicagotribune.com,$1726.67,2007
7,Hebert,Bullus,Male,71,hbullus6@apache.org,$10062.03,2012
8,Chrystel,Berriball,Female,74,cberriball7@ucoz.ru,$12781.33,2003
9,Darrick,Sleeny,Male,48,dsleeny8@wsj.com,$6048.15,2005
10,Romy,Matcham,Female,58,rmatcham9@samsung.com,$10807.24,2003
11,Sauncho,Biaggi,Male,23,sbiaggia@elpais.com,$5677.09,2003
12,Raffarty,Bamsey,Agender,29,rbamseyb@tuttocitta.it,$14904.69,2011
13,Evyn,Blasi,Genderfluid,78,eblasic@howstuffworks.com,$2737.60,1992
14,Dorris,Camies,Female,48,dcamiesd@ask.com,$6382.58,1996
15,Erica,Derrell,Female,47,ederrelle@typepad.com,$15581.35,2000
16,Helli,Donnel,Female,54,hdonnelf@github.com,$12983.66,2003
17,Brandyn,Glanders,Male,28,bglandersg@shareasale.com,$17222.50,1992
18,Lon,Thomasen,Male,59,lthomasenh@pagesperso-orange.fr,$15102.25,1964
19,Mayer,Jahner,Male,41,mjahneri@mayoclinic.com,$12008.06,2012
20,Ilse,Pilmer,Female,41,ipilmerj@java.com,$10989.45,2009
21,Erhart,Nossent,Male,25,enossentk@weibo.com,$11442.40,2000
22,Milton,Allom,Male,47,malloml@wisc.edu,$9131.38,2001
23,Daveta,Bletcher,Agender,53,dbletcherm@cisco.com,$16371.46,2002
24,Juliann,Pedersen,Female,42,jpedersenn@networksolutions.com,$16302.82,2000
25,Tessie,Heakey,Female,52,theakeyo@reference.com,$3505.50,1999
26,Justinn,Colliard,Female,56,jcolliardp@jugem.jp,$14129.93,1989
27,Osborn,Willbourne,Male,78,owillbourneq@theatlantic.com,$17158.65,2008
28,Norton,Kinnoch,Agender,78,nkinnochr@geocities.jp,$2038.15,1991
29,Lavinia,Casel,Female,31,lcasels@examiner.com,$11144.92,2004
30,Trace,Zealey,Genderqueer,46,tzealeyt@sourceforge.net,$4004.18,1996
31,Burke,Sheerman,Male,24,bsheermanu@patch.com,$3161.88,2002
32,Alessandra,Ivachyov,Female,33,aivachyovv@ebay.co.uk,$10946.49,1993
33,Tallie,Heymann,Male,72,theymannw@baidu.com,$4915.11,2003
34,Harrie,Yantsev,Bigender,69,hyantsevx@arizona.edu,$10349.96,2008
35,Boyd,Conti,Male,51,bcontiy@shop-pro.jp,$7135.37,2006
36,Wylie,Kolczynski,Non-binary,78,wkolczynskiz@wikimedia.org,$14438.97,2008
37,Chloe,De Giorgi,Genderqueer,51,cdegiorgi10@github.io,$10625.20,1995
38,Delcine,Oran,Female,61,doran11@hatena.ne.jp,$7458.14,2008
39,Eben,Zorro,Male,31,ezorro12@live.com,$1184.42,1984
40,Meade,Hebson,Male,25,mhebson13@google.com.hk,$4783.10,1995
41,Tad,Potteril,Male,57,tpotteril14@liveinternet.ru,$15534.66,1997
42,Langston,Doeg,Male,72,ldoeg15@cnet.com,$7825.82,1999
43,Baudoin,Beardow,Male,29,bbeardow16@naver.com,$15386.96,1984
44,Sigismondo,Cornau,Male,25,scornau17@tripod.com,$4408.51,2007
45,Lionel,Raeside,Male,42,lraeside18@bluehost.com,$17460.62,1992
46,Revkah,Coast,Agender,51,rcoast19@phoca.cz,$8299.68,1993
47,Hi,Stolte,Male,31,hstolte1a@stanford.edu,$10614.50,1997
48,Brett,Searson,Female,25,bsearson1b@mysql.com,$13349.09,1990
49,Trudey,Briat,Polygender,64,tbriat1c@fda.gov,$8660.52,1978
50,Agatha,Lawranson,Female,26,alawranson1d@chron.com,$14766.05,2005
51,Annora,Bugdell,Female,45,abugdell1e@mysql.com,$5027.19,1993
52,Percival,Pecht,Male,49,ppecht1f@ezinearticles.com,$1704.32,1992
53,Welch,Lode,Male,73,wlode1g@wikia.com,$7696.84,1992
54,Simonette,Fosken,Genderqueer,32,sfosken1h@webmd.com,$13564.86,2012
55,Darcie,Corbould,Female,61,dcorbould1i@nps.gov,$1866.02,2012
56,Trefor,Rockcliff,Male,37,trockcliff1j@abc.net.au,$6083.77,2011
57,Elinor,McMurty,Female,44,emcmurty1k@sitemeter.com,$6649.30,2007
58,Meaghan,Figiovanni,Female,28,mfigiovanni1l@wp.com,$3314.44,1996
59,Sanson,Scud,Male,63,sscud1m@ycombinator.com,$13770.05,2009
60,Oliy,Boot,Female,55,oboot1n@intel.com,$690.38,2010
61,Griffie,Rainard,Male,77,grainard1o@gravatar.com,$15315.53,2009
62,Rudolf,Segot,Male,25,rsegot1p@geocities.com,$9317.95,1993
63,Ashlen,Kemp,Female,56,akemp1q@si.edu,$7458.13,2004
64,Fonzie,Hurtic,Male,63,fhurtic1r@tripod.com,$16386.32,2007
65,Adi,Rookledge,Female,54,arookledge1s@reference.com,$12503.00,1992
66,Phedra,Ungerechts,Female,41,pungerechts1t@reddit.com,$3488.11,2007
67,Willy,Bewlay,Female,25,wbewlay1u@hugedomains.com,$1386.87,2010
68,Giulia,Everitt,Genderqueer,51,geveritt1v@ft.com,$12931.42,1994
69,Cynde,Gainseford,Female,26,cgainseford1w@cmu.edu,$804.70,1997
70,Karol,Paolino,Female,75,kpaolino1x@github.com,$10920.13,1997
71,Shayne,Duke,Female,70,sduke1y@ucsd.edu,$8217.72,1995
72,Starla,Iianon,Female,73,siianon1z@apple.com,$11639.15,2009
73,Roi,Curme,Male,40,rcurme20@state.tx.us,$6341.56,1995
74,Alexina,Guite,Non-binary,64,aguite21@jigsy.com,$12647.67,2010
75,Chan,Perrott,Male,24,cperrott22@aboutads.info,$3429.43,2010
76,Davey,Howlett,Male,75,dhowlett23@loc.gov,$14687.44,1999
77,Pieter,Henworth,Male,55,phenworth24@foxnews.com,$6679.01,2006
78,Morissa,Prantoni,Female,50,mprantoni25@dagondesign.com,$8597.76,1992
79,Rafaelia,Bastin,Female,34,rbastin26@creativecommons.org,$9630.03,1999
80,Leta,Ingreda,Bigender,23,lingreda27@ucoz.com,$12975.63,1999
81,Agata,Nicholes,Female,70,anicholes28@4shared.com,$12248.51,2000
82,Kimbra,Yegorov,Female,66,kyegorov29@sourceforge.net,$6883.49,2007
83,Alfie,Gantzer,Male,40,agantzer2a@senate.gov,$6722.46,2006
84,Kaspar,Mouth,Male,50,kmouth2b@timesonline.co.uk,$16247.55,2003
85,Leland,Dugald,Male,76,ldugald2c@home.pl,$4032.31,2011
86,Serge,Meacher,Male,77,smeacher2d@naver.com,$2522.48,2005
87,Georgiana,Sizzey,Female,36,gsizzey2e@ted.com,$11026.85,1988
88,Millisent,Karlqvist,Female,34,mkarlqvist2f@youku.com,$9615.80,1984
89,Abra,Jeafferson,Female,52,ajeafferson2g@sphinn.com,$5699.32,2008
90,Olivero,Littlemore,Male,69,olittlemore2h@uol.com.br,$15722.39,2000
91,Brig,Algate,Male,39,balgate2i@wikipedia.org,$8502.74,2010
92,Matias,Giggie,Male,64,mgiggie2j@economist.com,$15977.74,2006
93,Borg,McGrae,Male,57,bmcgrae2k@sakura.ne.jp,$14755.70,2007
94,Vic,Prew,Male,70,vprew2l@nationalgeographic.com,$13253.12,2001
95,Barry,Laidler,Female,27,blaidler2m@meetup.com,$1921.46,1993
96,Ileane,Osgordby,Non-binary,29,iosgordby2n@parallels.com,$17334.10,2007
97,Miller,Aylmore,Male,63,maylmore2o@gravatar.com,$7464.38,2002
98,Warden,O'Shea,Male,30,woshea2p@feedburner.com,$4729.45,2001
99,Leia,Leader,Female,43,lleader2q@printfriendly.com,$15500.38,2007
100,Briggs,Reeveley,Genderqueer,64,breeveley2r@google.ca,$8639.43,2006
101,Siouxie,Chaman,Female,67,schaman2s@jiathis.com,$1773.80,1996
102,Adelina,Temprell,Genderfluid,37,atemprell2t@mayoclinic.com,$17769.70,1997
103,Kayne,Tague,Male,54,ktague2u@dell.com,$796.10,2010
104,Storm,Whistlecroft,Genderqueer,33,swhistlecroft2v@hostgator.com,$6346.23,2000
105,Weider,Nozzolinii,Male,36,wnozzolinii2w@mapy.cz,$1732.32,1992
106,Ceil,Howlin,Female,43,chowlin2x@upenn.edu,$1087.41,2009
107,Walt,Pinson,Male,56,wpinson2y@dion.ne.jp,$17048.48,1989
108,Wanids,Christofor,Female,78,wchristofor2z@nhs.uk,$774.37,2000
109,Lionello,Backhouse,Male,25,lbackhouse30@a8.net,$8389.35,2010
110,Sara-ann,Ilson,Agender,36,silson31@soundcloud.com,$10351.36,1990
111,Adan,Chastey,Male,67,achastey32@yelp.com,$9753.32,1998
112,Lillis,Presho,Female,61,lpresho33@imdb.com,$17269.01,2006
113,Erinn,Gibbetts,Female,26,egibbetts34@joomla.org,$939.10,2010
114,Brockie,Carlton,Male,57,bcarlton35@blogtalkradio.com,$11653.66,1992
115,Lily,Gouldstone,Female,65,lgouldstone36@comsenz.com,$5921.01,2012
116,Stern,Durran,Male,38,sdurran37@diigo.com,$3321.21,2004
117,Wallie,Hillock,Male,71,whillock38@myspace.com,$2078.23,1986
118,Maitilde,Gantzer,Female,23,mgantzer39@webeden.co.uk,$4346.62,2008
119,Alexandro,Newick,Male,54,anewick3a@ezinearticles.com,$468.98,2012
120,Merry,Lodin,Male,55,mlodin3b@vistaprint.com,$9215.87,2010
121,Daren,Lowseley,Bigender,24,dlowseley3c@goo.ne.jp,$10568.51,1994
122,Marybeth,Harriday,Female,24,mharriday3d@sogou.com,$4075.48,2008
123,Hanan,Crosetto,Male,27,hcrosetto3e@wikia.com,$4626.27,1997
124,Staford,Halwood,Male,38,shalwood3f@youku.com,$8349.03,2006
125,Pammy,Taillant,Female,35,ptaillant3g@sohu.com,$12454.08,1993
126,Estevan,Ferriby,Male,48,eferriby3h@amazon.co.jp,$12992.97,2001
127,Quinton,Mistry,Male,25,qmistry3i@google.fr,$14524.00,2000
128,Auroora,Zanutti,Female,48,azanutti3j@weather.com,$2668.60,2000
129,Faustina,Rheubottom,Female,52,frheubottom3k@apache.org,$4513.27,1984
130,Bancroft,Stickland,Male,71,bstickland3l@bigcartel.com,$4322.31,1995
131,Twyla,Hayden,Female,48,thayden3m@bbc.co.uk,$4296.16,1996
132,Jonis,Duerdin,Female,62,jduerdin3n@dyndns.org,$14287.99,2004
133,Reeva,Bedin,Female,28,rbedin3o@marriott.com,$11808.38,1998
134,Hattie,Showering,Bigender,31,hshowering3p@yelp.com,$10946.14,2008
135,Olympe,Wooller,Female,26,owooller3q@psu.edu,$15417.53,1994
136,Nanine,Willwood,Female,30,nwillwood3r@yahoo.com,$16628.11,2000
137,Christos,McPhate,Male,78,cmcphate3s@theguardian.com,$13710.30,2004
138,Peggi,Riha,Agender,49,priha3t@nymag.com,$11252.09,2008
139,Irving,Lepope,Male,63,ilepope3u@instagram.com,$10679.35,2011
140,Raffarty,Olech,Male,35,rolech3v@theglobeandmail.com,$17875.35,2004
141,Egan,Arter,Male,41,earter3w@weibo.com,$16001.89,2011
142,Bran,Linton,Male,36,blinton3x@alexa.com,$12952.60,2008
143,Julieta,Renne,Female,45,jrenne3y@bravesites.com,$5172.91,1985
144,Yoko,Rutgers,Female,62,yrutgers3z@va.gov,$17446.18,1989
145,Laurence,McQuorkell,Male,35,lmcquorkell40@joomla.org,$1498.52,2010
146,Filide,MacGuffie,Female,74,fmacguffie41@cnn.com,$17203.60,1996
147,Wilie,Gerrels,Female,36,wgerrels42@sciencedirect.com,$13051.35,2006
148,Lorain,Booton,Female,24,lbooton43@yandex.ru,$2713.97,2007
149,Ursula,Emlen,Female,66,uemlen44@yandex.ru,$3144.69,1996
150,Donn,Antognetti,Male,41,dantognetti45@angelfire.com,$5016.78,2008
151,Zerk,Gatrill,Male,74,zgatrill46@geocities.com,$7749.48,2007
152,Gamaliel,Giannazzi,Male,25,ggiannazzi47@umich.edu,$12370.70,1999
153,Winston,Glenn,Male,25,wglenn48@skyrock.com,$13302.15,2008
154,Joane,Plomer,Polygender,49,jplomer49@lycos.com,$2474.17,1997
155,Nicola,Hitschke,Female,70,nhitschke4a@umich.edu,$10379.53,1995
156,Willette,Cleevely,Female,42,wcleevely4b@cloudflare.com,$10084.76,2007
157,Sheffield,Northin,Male,26,snorthin4c@microsoft.com,$13374.84,1993
158,Sharai,Neads,Female,68,sneads4d@ifeng.com,$6260.39,2012
159,Cordelia,McShee,Female,23,cmcshee4e@imageshack.us,$16738.07,1992
160,Mella,Izkoveski,Female,64,mizkoveski4f@indiatimes.com,$14285.98,2011
161,Shermie,Whyatt,Male,43,swhyatt4g@nifty.com,$6117.57,1996
162,Mitzi,Pilgram,Female,73,mpilgram4h@parallels.com,$1911.41,2004
163,Hillery,Matusov,Male,51,hmatusov4i@homestead.com,$1734.73,2010
164,Lonnie,Pristnor,Male,75,lpristnor4j@booking.com,$1134.78,1993
165,Clayson,Corssen,Male,62,ccorssen4k@usatoday.com,$13130.92,1999
166,Marsh,Vyvyan,Male,32,mvyvyan4l@mysql.com,$12633.34,1993
167,Genevra,Stichall,Female,39,gstichall4m@sfgate.com,$11884.87,2003
168,Lemmie,Worcester,Male,50,lworcester4n@blogs.com,$6300.42,1994
169,Pen,Gaveltone,Male,42,pgaveltone4o@opera.com,$10616.62,2001
170,Minor,Hazelgrove,Male,78,mhazelgrove4p@vkontakte.ru,$7898.02,2006
171,Ranice,Matteuzzi,Female,27,rmatteuzzi4q@nba.com,$6502.03,1984
172,Joceline,Stivers,Female,29,jstivers4r@odnoklassniki.ru,$7169.79,1997
173,Felisha,Matlock,Female,27,fmatlock4s@is.gd,$12260.42,2009
174,Francoise,Hamblyn,Female,32,fhamblyn4t@google.co.uk,$7271.88,1998
175,Rees,Farmloe,Male,65,rfarmloe4u@bizjournals.com,$1698.86,2010
176,Stanislaw,Whitley,Male,62,swhitley4v@usa.gov,$15037.61,2001
177,Ibby,McQuilty,Female,64,imcquilty4w@ebay.co.uk,$14298.79,1997
178,Tarra,Yanyshev,Female,58,tyanyshev4x@merriam-webster.com,$8146.21,1992
179,Calv,Whistlecroft,Male,76,cwhistlecroft4y@indiatimes.com,$14256.59,2005
180,Tallia,Pordal,Polygender,42,tpordal4z@behance.net,$12021.70,1987
181,Phil,Letixier,Male,44,pletixier50@chron.com,$15278.09,2011
182,Aleen,Bilsborrow,Female,53,abilsborrow51@yahoo.co.jp,$1560.83,1996
183,Anson,Bellwood,Male,55,abellwood52@acquirethisname.com,$2925.08,2006
184,Winston,O'Grada,Agender,29,wograda53@mapquest.com,$1106.93,2010
185,Deirdre,Amis,Female,66,damis54@sun.com,$2395.23,2006
186,Dulci,Brittlebank,Female,54,dbrittlebank55@diigo.com,$15900.96,2005
187,Selina,Palk,Female,35,spalk56@blogspot.com,$14301.14,2013
188,Minnaminnie,Duligal,Female,77,mduligal57@techcrunch.com,$959.31,2012
189,Cyril,Heam,Male,53,cheam58@google.de,$8501.12,2002
190,Lorin,Wilkenson,Male,52,lwilkenson59@dailymotion.com,$5841.28,1997
191,Muhammad,Andrivot,Male,59,mandrivot5a@github.com,$15736.28,1997
192,Neal,Simkin,Male,62,nsimkin5b@youku.com,$3233.49,2000
193,Bryan,Hofer,Male,72,bhofer5c@miitbeian.gov.cn,$2871.48,2008
194,Nita,Calver,Female,71,ncalver5d@psu.edu,$12591.69,1999
195,Ferdie,Krzyzowski,Male,64,fkrzyzowski5e@dion.ne.jp,$5852.09,1993
196,Ryann,Sansom,Female,60,rsansom5f@altervista.org,$639.93,1990
197,Ann,Grayston,Female,59,agrayston5g@gnu.org,$9125.18,2002
198,Garrick,Habershon,Male,40,ghabershon5h@dyndns.org,$10944.40,2001
199,Trever,Baytrop,Male,69,tbaytrop5i@blog.com,$12572.63,1999
200,Freemon,Culverhouse,Male,58,fculverhouse5j@bing.com,$12496.40,2011
201,Helen-elizabeth,Forrest,Female,76,hforrest5k@delicious.com,$6172.20,2001
202,Lee,Yglesia,Female,50,lyglesia5l@blogger.com,$5011.01,1991
203,Dorolisa,Forrestor,Female,38,dforrestor5m@huffingtonpost.com,$7296.28,2006
204,Basilio,Broinlich,Male,33,bbroinlich5n@jimdo.com,$12070.74,1993
205,Sayre,Toft,Male,63,stoft5o@msn.com,$8872.30,1996
206,Stearne,Byfield,Male,70,sbyfield5p@lulu.com,$4520.03,1984
207,Hannis,Perrelle,Non-binary,62,hperrelle5q@yellowpages.com,$15349.17,2004
208,Gerrard,Pennrington,Agender,24,gpennrington5r@istockphoto.com,$4368.42,2009
209,Sandy,Biers,Female,39,sbiers5s@elegantthemes.com,$2986.42,1992
210,Celie,Ivshin,Female,71,civshin5t@mit.edu,$7402.89,2010
211,Hubert,Louth,Male,76,hlouth5u@stanford.edu,$2112.66,1998
212,Mort,Sangwin,Male,58,msangwin5v@skype.com,$15485.36,1992
213,Alisun,Earengey,Female,29,aearengey5w@infoseek.co.jp,$2014.19,2009
214,Darill,Goulding,Male,76,dgoulding5x@wiley.com,$9603.87,2004
215,Tandie,Sucre,Female,42,tsucre5y@addtoany.com,$1092.47,2000
216,Bald,Girt,Male,48,bgirt5z@simplemachines.org,$9382.68,2007
217,Cam,Jewise,Male,78,cjewise60@pinterest.com,$5382.41,1997
218,Kaye,Moncrefe,Non-binary,72,kmoncrefe61@dion.ne.jp,$17286.17,2001
219,Harry,Sorsbie,Male,39,hsorsbie62@friendfeed.com,$4875.08,2008
220,Fremont,Sheaf,Male,33,fsheaf63@ning.com,$1313.95,2000
221,Matty,Sturgess,Male,65,msturgess64@youtu.be,$4000.06,2000
222,Ashly,Falls,Female,60,afalls65@uol.com.br,$9694.01,1992
223,Guthrie,Shoebridge,Male,72,gshoebridge66@yandex.ru,$7978.98,1998
224,Trenton,Antonellini,Polygender,61,tantonellini67@posterous.com,$5163.60,2000
225,Daisey,Wiffield,Female,59,dwiffield68@netvibes.com,$1594.58,2006
226,Eolande,Jeffers,Female,47,ejeffers69@goodreads.com,$6789.00,1990
227,Brianne,Jansky,Female,38,bjansky6a@themeforest.net,$1640.26,2012
228,Hart,Lovelace,Male,33,hlovelace6b@youtu.be,$10462.16,2002
229,Clare,Hynard,Bigender,32,chynard6c@hostgator.com,$10623.65,1990
230,Creighton,Braben,Male,27,cbraben6d@icio.us,$3088.61,1987
231,Evvy,Bathoe,Female,48,ebathoe6e@businessinsider.com,$2964.08,1999
232,Abbe,Muldowney,Male,40,amuldowney6f@sphinn.com,$13032.36,2007
233,Edgard,Petters,Male,45,epetters6g@godaddy.com,$13443.32,2008
234,Giustina,Ketton,Female,40,gketton6h@tumblr.com,$7119.38,2011
235,Lilyan,Cosby,Genderfluid,47,lcosby6i@cdbaby.com,$301.73,2003
236,Allina,Adams,Genderqueer,37,aadams6j@phpbb.com,$1752.96,2007
237,Steve,Burehill,Male,52,sburehill6k@upenn.edu,$3013.72,2001
238,Karlen,Puckrin,Female,73,kpuckrin6l@google.cn,$13773.68,1999
239,Fedora,Bromfield,Female,67,fbromfield6m@java.com,$6392.38,2011
240,Hannah,Urlich,Female,48,hurlich6n@cam.ac.uk,$7600.24,1994
241,Engracia,Mesias,Female,36,emesias6o@soundcloud.com,$11731.95,1992
242,Darcy,Roney,Polygender,70,droney6p@devhub.com,$5529.85,2008
243,Keri,Bockmann,Bigender,33,kbockmann6q@devhub.com,$14822.57,1996
244,Zorah,Petrolli,Female,76,zpetrolli6r@sun.com,$14871.45,2002
245,Jodee,Maplesden,Female,53,jmaplesden6s@newyorker.com,$3296.04,1996
246,Barbabas,Rivelon,Non-binary,54,brivelon6t@blinklist.com,$13446.59,1996
247,Angil,Rettie,Female,65,arettie6u@cbsnews.com,$16039.40,1992
248,Rosalie,Whines,Female,40,rwhines6v@moonfruit.com,$12511.77,1991
249,Nikolaus,Clissold,Polygender,74,nclissold6w@creativecommons.org,$17338.42,2011
250,Nicky,Willimott,Male,78,nwillimott6x@uiuc.edu,$7467.40,2003
251,Hans,Sodory,Genderfluid,32,hsodory6y@chronoengine.com,$15993.49,2000
252,Magda,Danilewicz,Female,60,mdanilewicz6z@gnu.org,$14112.71,2003
253,Timothy,Maginn,Male,60,tmaginn70@netlog.com,$7775.90,2001
254,Gage,McCurrie,Male,66,gmccurrie71@linkedin.com,$7631.47,2003
255,Dirk,Doppler,Bigender,45,ddoppler72@google.co.jp,$8270.28,2011
256,Melba,Cunniam,Female,73,mcunniam73@tripadvisor.com,$15149.15,2008
257,Sonnie,MacNamee,Female,29,smacnamee74@umn.edu,$591.55,1992
258,Lark,Deluca,Female,46,ldeluca75@jigsy.com,$13813.34,2000
259,Toddie,Chishull,Male,29,tchishull76@1und1.de,$13274.66,2001
260,Evelyn,Karran,Female,66,ekarran77@bbb.org,$7641.41,2007
261,Vanni,Rubinek,Female,43,vrubinek78@vistaprint.com,$7045.50,2004
262,Hali,Kilfoyle,Female,63,hkilfoyle79@seattletimes.com,$1593.07,1972
263,Tommie,Clipsham,Male,66,tclipsham7a@istockphoto.com,$3146.39,2009
264,Graeme,Crummay,Bigender,44,gcrummay7b@gizmodo.com,$1342.88,1993
265,Garret,Stoving,Male,27,gstoving7c@nhs.uk,$1026.13,1998
266,Flor,Dowears,Female,48,fdowears7d@eventbrite.com,$4271.28,1983
267,Johannes,Ebi,Male,41,jebi7e@surveymonkey.com,$17784.62,1997
268,Teddie,Challiss,Bigender,52,tchalliss7f@tuttocitta.it,$14621.39,2013
269,Rees,Matfield,Male,30,rmatfield7g@discuz.net,$11554.22,2001
270,Lanie,Fryatt,Female,61,lfryatt7h@trellian.com,$3904.25,1995
271,Meaghan,Kitchenside,Female,44,mkitchenside7i@tumblr.com,$16970.77,1992
272,Grange,Fallens,Male,74,gfallens7j@macromedia.com,$9760.74,2005
273,Rosette,Cottu,Female,64,rcottu7k@yandex.ru,$4384.19,1997
274,Sheilakathryn,Braben,Female,71,sbraben7l@noaa.gov,$7634.54,2006
275,Guinna,Dymott,Female,48,gdymott7m@wikispaces.com,$1268.14,2011
276,Lettie,Byron,Female,53,lbyron7n@eepurl.com,$2347.04,2013
277,Maurise,Wyett,Male,44,mwyett7o@privacy.gov.au,$16220.30,2002
278,Morty,Donoher,Male,76,mdonoher7p@ustream.tv,$3894.95,2010
279,Chloette,Merrgan,Female,37,cmerrgan7q@wordpress.com,$17194.95,2004
280,Fairleigh,Wincer,Male,34,fwincer7r@tiny.cc,$8704.37,2009
281,Kasey,Cambell,Female,70,kcambell7s@cdbaby.com,$8618.80,2002
282,Richart,McFaell,Male,75,rmcfaell7t@topsy.com,$4921.45,1997
283,Roselia,Neller,Genderfluid,40,rneller7u@themeforest.net,$15062.39,1996
284,Aidan,Pellew,Female,45,apellew7v@dagondesign.com,$17200.66,1996
285,Lionel,Biddiss,Male,50,lbiddiss7w@about.com,$3859.00,2011
286,Ilario,Thyer,Male,58,ithyer7x@miibeian.gov.cn,$12433.48,2010
287,Paulina,Swales,Female,71,pswales7y@boston.com,$15420.20,1997
288,Sharlene,Hafford,Female,46,shafford7z@nasa.gov,$992.45,1995
289,Renaldo,Clemetts,Male,35,rclemetts80@dyndns.org,$6438.76,1979
290,Becki,Boswood,Female,73,bboswood81@wix.com,$463.90,2007
291,Bibi,Bergin,Female,45,bbergin82@com.com,$11377.05,2009
292,Angelica,Toomer,Female,34,atoomer83@squidoo.com,$4613.14,2008
293,Gusella,Wilcott,Genderqueer,33,gwilcott84@aol.com,$4621.84,2005
294,Duncan,Smallridge,Male,61,dsmallridge85@t-online.de,$6979.47,2011
295,Charley,Marmon,Male,35,cmarmon86@etsy.com,$8835.60,2009
296,Stearn,Dewey,Male,77,sdewey87@google.fr,$2638.71,2005
297,Teodor,Ferreres,Male,28,tferreres88@gizmodo.com,$1232.62,2010
298,Jere,Blaze,Female,76,jblaze89@meetup.com,$16140.14,2011
299,Stu,Lorinez,Male,57,slorinez8a@google.co.jp,$13165.98,2007
300,Ethelind,Hovel,Female,31,ehovel8b@domainmarket.com,$4781.25,2007
301,Oralia,Cheyenne,Female,53,ocheyenne8c@yellowpages.com,$9366.47,2006
302,Rich,Pionter,Male,30,rpionter8d@digg.com,$5289.77,1992
303,Amalie,Cristofalo,Female,34,acristofalo8e@cdbaby.com,$4797.27,1990
304,Fara,Brute,Female,29,fbrute8f@webs.com,$16632.55,2009
305,Harmonia,Mizzen,Female,27,hmizzen8g@privacy.gov.au,$2146.07,2011
306,Wilbur,Hawket,Male,50,whawket8h@smugmug.com,$2983.26,2005
307,Archie,Monan,Male,76,amonan8i@ihg.com,$17471.62,2007
308,Burr,Pidgin,Genderfluid,57,bpidgin8j@macromedia.com,$11746.07,1996
309,Amos,Guichard,Male,66,aguichard8k@ask.com,$1860.12,2012
310,Jasper,McIan,Male,54,jmcian8l@bloglovin.com,$10375.08,1994
311,Cathi,Newbury,Female,57,cnewbury8m@clickbank.net,$5742.67,2000
312,Parke,Sandilands,Male,27,psandilands8n@blog.com,$4625.43,2011
313,Eugenio,Donoher,Agender,73,edonoher8o@spiegel.de,$15492.02,1990
314,Gertrude,Brammer,Female,45,gbrammer8p@independent.co.uk,$13175.84,1999
315,Claude,Pennells,Female,24,cpennells8q@imgur.com,$17696.14,2000
316,Smitty,Rowe,Male,50,srowe8r@soup.io,$831.06,2011
317,Tara,Ebbetts,Female,69,tebbetts8s@e-recht24.de,$11924.03,2011
318,Brandi,Higgen,Non-binary,43,bhiggen8t@phpbb.com,$16130.01,1985
319,Derwin,Sillars,Male,65,dsillars8u@telegraph.co.uk,$17201.75,2001
320,Cammy,Eilers,Male,38,ceilers8v@uiuc.edu,$3037.23,2001
321,Harcourt,Risbie,Male,60,hrisbie8w@blogger.com,$1017.30,1993
322,Ofella,Mingey,Female,59,omingey8x@wiley.com,$8287.95,1994
323,Stephan,Weblin,Bigender,73,sweblin8y@wufoo.com,$8088.47,2007
324,Hart,Botwood,Male,26,hbotwood8z@storify.com,$7276.03,2010
325,Harald,Kristiansen,Male,68,hkristiansen90@mayoclinic.com,$15525.65,1962
326,Jerrilee,Milan,Female,38,jmilan91@usnews.com,$4882.90,2005
327,Morrie,Dilston,Male,23,mdilston92@flickr.com,$5974.15,2007
328,Gracia,Vivians,Female,73,gvivians93@ucoz.ru,$13843.43,2000
329,Iris,Gonin,Female,58,igonin94@reference.com,$13025.24,1970
330,Darrelle,Grebner,Female,27,dgrebner95@cmu.edu,$14419.18,2000
331,Evanne,Whales,Female,32,ewhales96@europa.eu,$1575.13,2004
332,Ondrea,Edel,Polygender,77,oedel97@marriott.com,$16875.77,1996
333,Clayborne,Robuchon,Male,52,crobuchon98@arstechnica.com,$15489.99,2005
334,Oates,Hairyes,Male,64,ohairyes99@jugem.jp,$9212.77,1993
335,Keelby,Colledge,Male,45,kcolledge9a@delicious.com,$15466.35,2003
336,Robinetta,Smithyman,Agender,64,rsmithyman9b@unicef.org,$2501.25,1995
337,Lorne,Goseling,Non-binary,34,lgoseling9c@exblog.jp,$4460.19,2013
338,Alikee,Sibson,Female,67,asibson9d@unesco.org,$4431.46,1997
339,Torre,Leyson,Male,25,tleyson9e@unblog.fr,$12570.91,2009
340,Allin,Floyed,Male,64,afloyed9f@photobucket.com,$8829.20,2009
341,Kizzee,Scoines,Female,57,kscoines9g@hostgator.com,$5650.92,2011
342,Craggy,Cossam,Male,35,ccossam9h@biglobe.ne.jp,$4324.56,1992
343,Rosabel,Goodrick,Female,30,rgoodrick9i@craigslist.org,$13081.03,2010
344,Bartolemo,Fields,Male,27,bfields9j@google.fr,$17876.64,2011
345,Skelly,Insoll,Male,76,sinsoll9k@salon.com,$8017.76,2008
346,Porter,Caramuscia,Male,53,pcaramuscia9l@bbc.co.uk,$1026.45,1993
347,Sonni,Orlton,Female,28,sorlton9m@cpanel.net,$7680.73,2006
348,Rorke,Elles,Male,62,relles9n@sciencedaily.com,$10988.60,2003
349,Jean,Roussell,Male,25,jroussell9o@feedburner.com,$5473.71,2002
350,Cirstoforo,Tidswell,Male,58,ctidswell9p@addthis.com,$874.53,1998
351,Zaccaria,Tickner,Male,71,ztickner9q@virginia.edu,$14579.58,2002
352,Scot,Hartzenberg,Male,45,shartzenberg9r@bing.com,$8955.47,1995
353,Salmon,Boylund,Male,77,sboylund9s@sciencedirect.com,$11580.14,1987
354,Klaus,Hulme,Male,66,khulme9t@biglobe.ne.jp,$6693.82,2009
355,Larine,Tamlett,Female,62,ltamlett9u@plala.or.jp,$9476.97,2011
356,Eugene,McRobbie,Male,49,emcrobbie9v@php.net,$12221.42,2006
357,Frederico,Groucock,Male,67,fgroucock9w@google.ru,$16627.55,1969
358,Gunilla,Lawrenceson,Female,53,glawrenceson9x@wiley.com,$5426.09,2011
359,Sibel,Colebourn,Female,76,scolebourn9y@sun.com,$3551.55,1985
360,Deina,Carmichael,Female,57,dcarmichael9z@ihg.com,$15896.69,2010
361,Efrem,MacGhee,Male,76,emacgheea0@ycombinator.com,$13364.85,1994
362,Sergeant,Imlaw,Genderqueer,77,simlawa1@columbia.edu,$17295.96,2008
363,Gerri,Kliche,Female,46,gklichea2@omniture.com,$13143.22,1999
364,Gabriela,Shutler,Female,38,gshutlera3@vkontakte.ru,$455.12,1992
365,Aeriela,Klaes,Female,43,aklaesa4@fotki.com,$10580.29,1998
366,Craggy,Prince,Male,60,cprincea5@wired.com,$5238.58,1990
367,Brier,Leicester,Genderfluid,25,bleicestera6@smh.com.au,$7441.49,2011
368,Gil,Gutcher,Male,61,ggutchera7@reference.com,$6551.83,1985
369,Gusta,Weddell,Female,74,gweddella8@zimbio.com,$14765.14,2000
370,George,Vassbender,Male,32,gvassbendera9@artisteer.com,$14579.14,1992
371,Theadora,Morl,Female,76,tmorlaa@drupal.org,$10120.94,1998
372,Corrina,Dawidman,Female,36,cdawidmanab@taobao.com,$7852.74,2012
373,Yehudit,Lasty,Male,67,ylastyac@yale.edu,$15592.71,1998
374,Salvador,Helsby,Male,50,shelsbyad@uol.com.br,$11461.10,1985
375,Eachelle,Pole,Agender,57,epoleae@fastcompany.com,$17100.62,2006
376,Michel,Quinn,Female,37,mquinnaf@miitbeian.gov.cn,$9435.81,2004
377,Margette,Struis,Female,67,mstruisag@cocolog-nifty.com,$10832.25,1999
378,Margalo,de Clerk,Female,58,mdeclerkah@fastcompany.com,$11646.47,2011
379,Lonny,Ganiford,Male,44,lganifordai@marriott.com,$8233.62,1984
380,Cullan,Allmond,Male,45,callmondaj@nydailynews.com,$6627.08,1995
381,Ernestus,Feldbaum,Male,47,efeldbaumak@blinklist.com,$14438.39,1990
382,Daryl,Shillinglaw,Male,32,dshillinglawal@zdnet.com,$3031.04,2011
383,Maire,Frisch,Female,70,mfrischam@census.gov,$647.87,1996
384,Tory,Van Vuuren,Female,23,tvanvuurenan@joomla.org,$14539.68,2009
385,Kacie,Everly,Female,59,keverlyao@harvard.edu,$6878.91,1984
386,Jess,McKinty,Female,46,jmckintyap@google.pl,$9200.12,2011
387,Bordie,Balsdone,Male,55,bbalsdoneaq@admin.ch,$13862.54,2007
388,Matilda,Arnaud,Female,26,marnaudar@amazon.com,$5670.40,2002
389,Demott,Blomfield,Male,23,dblomfieldas@aol.com,$10851.27,1999
390,Kristal,Eitter,Female,70,keitterat@wired.com,$8974.65,1990
391,Grant,Tume,Male,50,gtumeau@ask.com,$1472.91,1992
392,Brendan,Swansbury,Bigender,62,bswansburyav@patch.com,$16551.78,2009
393,Hermy,Emtage,Male,65,hemtageaw@tumblr.com,$14536.01,2010
394,Shea,Clouston,Male,34,scloustonax@disqus.com,$12570.82,1994
395,Mercy,Bidmead,Female,61,mbidmeaday@fda.gov,$13299.45,1994
396,Kerry,Finch,Female,25,kfinchaz@ibm.com,$13224.31,2005
397,Alvera,Cramer,Female,69,acramerb0@godaddy.com,$8194.21,1994
398,Quent,Castanares,Male,31,qcastanaresb1@google.com.br,$1117.75,2003
399,Goober,Denkel,Male,73,gdenkelb2@dagondesign.com,$10008.31,1998
400,Maxie,Longstaff,Female,75,mlongstaffb3@g.co,$12200.81,2004
401,Juliette,Dukesbury,Female,68,jdukesburyb4@slideshare.net,$9645.11,1997
402,Ralina,Hyndley,Female,56,rhyndleyb5@cnn.com,$740.49,2001
403,Jabez,Selliman,Male,31,jsellimanb6@state.gov,$17639.20,1993
404,Carlee,Legonidec,Female,47,clegonidecb7@google.fr,$14596.48,1987
405,Krishnah,Bromhead,Polygender,56,kbromheadb8@discovery.com,$10193.83,2006
406,Harvey,Cordobes,Bigender,64,hcordobesb9@addthis.com,$10421.43,1999
407,Lora,Winckle,Female,65,lwinckleba@zimbio.com,$674.39,2011
408,Reena,Pinare,Female,34,rpinarebb@sbwire.com,$5448.23,1982
409,Krishnah,Trenbey,Male,38,ktrenbeybc@miibeian.gov.cn,$5984.70,1994
410,Collete,Stirzaker,Female,32,cstirzakerbd@deliciousdays.com,$15077.45,1995
411,Cati,Longstreet,Female,33,clongstreetbe@wunderground.com,$16741.32,1989
412,Allin,Davion,Male,57,adavionbf@1688.com,$2157.63,2007
413,Ginnifer,Case,Female,35,gcasebg@usgs.gov,$6116.29,2011
414,Humfrey,MacIan,Male,28,hmacianbh@wisc.edu,$11809.42,1989
415,Antonia,Denisard,Female,58,adenisardbi@dailymotion.com,$16898.50,1990
416,Judd,Glenister,Male,64,jglenisterbj@sciencedaily.com,$10945.29,1985
417,Clem,Rosenfeld,Male,37,crosenfeldbk@seattletimes.com,$5442.81,1990
418,Annmaria,Sneezum,Female,32,asneezumbl@gov.uk,$13972.07,2005
419,Udale,Cashman,Male,53,ucashmanbm@techcrunch.com,$13677.96,1979
420,Huntington,Winckle,Male,62,hwincklebn@ustream.tv,$7401.95,1995
421,Donni,Kendrick,Female,48,dkendrickbo@irs.gov,$1810.15,1996
422,Maxi,Massy,Polygender,46,mmassybp@reuters.com,$10998.55,1986
423,Victoir,Goodley,Agender,70,vgoodleybq@360.cn,$16899.28,2007
424,Nelly,Baton,Female,49,nbatonbr@adobe.com,$10358.31,2004
425,Lucas,Crofthwaite,Male,41,lcrofthwaitebs@squarespace.com,$4793.95,1993
426,Alyce,Ruegg,Female,26,arueggbt@hibu.com,$3377.91,1994
427,Romola,Reisen,Female,62,rreisenbu@utexas.edu,$6313.54,1967
428,Bill,Shee,Female,68,bsheebv@time.com,$5251.00,2005
429,Cacilia,Creswell,Female,30,ccreswellbw@a8.net,$4114.82,1987
430,Kendricks,Grob,Male,74,kgrobbx@cargocollective.com,$11617.33,2000
431,Ivett,McAuslan,Female,71,imcauslanby@goo.ne.jp,$15789.35,1998
432,Doretta,Fonquernie,Female,69,dfonquerniebz@slideshare.net,$8514.05,1993
433,Garret,Eberle,Male,76,geberlec0@kickstarter.com,$10754.83,2003
434,Keefe,Gribble,Male,63,kgribblec1@icq.com,$10579.58,2006
435,Patricia,Davidsson,Female,53,pdavidssonc2@merriam-webster.com,$15057.72,2011
436,Glenden,Bullin,Male,60,gbullinc3@cisco.com,$9899.07,1994
437,Hubert,Mcall,Male,70,hmcallc4@tripadvisor.com,$8130.51,1993
438,Lanie,Purchase,Male,55,lpurchasec5@simplemachines.org,$1884.96,1993
439,Hashim,Wickwarth,Male,78,hwickwarthc6@addthis.com,$852.67,2003
440,Lucie,Grisbrook,Female,77,lgrisbrookc7@baidu.com,$12712.39,2005
441,Rollo,Ringrose,Male,40,rringrosec8@home.pl,$9680.24,2010
442,Giovanna,Condy,Genderfluid,54,gcondyc9@xrea.com,$6447.99,2006
443,Paten,Friend,Male,44,pfriendca@dailymotion.com,$14622.35,2007
444,Phineas,Hinze,Male,65,phinzecb@angelfire.com,$9169.85,2012
445,Gordie,Helling,Male,73,ghellingcc@shutterfly.com,$16838.67,2006
446,Sollie,Roostan,Male,47,sroostancd@eepurl.com,$14411.68,1993
447,Page,Shurlock,Female,38,pshurlockce@amazon.com,$3836.50,2009
448,Joyous,Henriquet,Female,68,jhenriquetcf@comcast.net,$896.52,1983
449,Burgess,Gilardone,Male,74,bgilardonecg@mozilla.org,$11437.81,1992
450,Marin,Alldridge,Agender,68,malldridgech@techcrunch.com,$8566.93,2009
451,Cobb,Marchington,Male,51,cmarchingtonci@ehow.com,$10051.22,1997
452,Clark,Chiplen,Male,61,cchiplencj@indiegogo.com,$3552.25,2012
453,Sissy,Spurier,Female,61,sspurierck@etsy.com,$15516.61,2006
454,Gasper,Sleath,Genderfluid,26,gsleathcl@state.tx.us,$8541.90,2008
455,Susette,Miranda,Non-binary,38,smirandacm@china.com.cn,$11234.84,1974
456,Laurel,Worrill,Female,55,lworrillcn@acquirethisname.com,$7359.50,1984
457,Madlen,Nancarrow,Female,35,mnancarrowco@redcross.org,$6647.83,2010
458,Ambrosio,Elmhurst,Genderqueer,50,aelmhurstcp@nyu.edu,$7988.60,2003
459,Crissie,Holyard,Female,72,cholyardcq@trellian.com,$17532.20,1995
460,Pepito,Grzegorecki,Male,55,pgrzegoreckicr@noaa.gov,$10839.33,1985
461,Rosabella,Schinetti,Female,76,rschinettics@imageshack.us,$792.29,2006
462,Debee,Dedham,Female,40,ddedhamct@ftc.gov,$15569.22,1999
463,Berkie,Imlaw,Male,24,bimlawcu@hubpages.com,$15041.65,2001
464,Trevor,Mirfin,Male,35,tmirfincv@apache.org,$5576.82,2013
465,Stefan,Iliffe,Male,54,siliffecw@bloglovin.com,$16121.61,1984
466,Tait,Manford,Male,75,tmanfordcx@mapquest.com,$8326.99,1992
467,Elisha,Basset,Male,74,ebassetcy@wix.com,$11199.55,1999
468,Lib,Crampton,Female,63,lcramptoncz@ft.com,$10724.13,2012
469,Basilius,Rucklesse,Male,67,brucklessed0@1688.com,$16436.94,2003
470,Kerwin,Ponten,Male,45,kpontend1@netscape.com,$9005.65,1996
471,Carling,Garn,Male,56,cgarnd2@ucoz.ru,$3587.56,2004
472,Loralee,Denkel,Female,40,ldenkeld3@hugedomains.com,$16727.54,2011
473,Stefano,Mogford,Male,60,smogfordd4@i2i.jp,$9768.67,2007
474,Mortie,Andryushchenko,Male,25,mandryushchenkod5@abc.net.au,$4117.81,1992
475,Sheridan,Grangier,Male,70,sgrangierd6@cdbaby.com,$7605.18,2003
476,Chaddie,Lipson,Male,43,clipsond7@liveinternet.ru,$12193.28,1992
477,Adler,Castelow,Male,34,acastelowd8@sakura.ne.jp,$12498.88,1993
478,Marja,Costy,Female,55,mcostyd9@google.nl,$17793.49,2000
479,Mickey,Olle,Male,52,molleda@yale.edu,$17708.04,2013
480,Irvin,Richarson,Male,67,iricharsondb@netlog.com,$11366.77,1995
481,Tilda,Selesnick,Female,31,tselesnickdc@1und1.de,$7821.71,2009
482,Urbanus,Belloch,Male,40,ubellochdd@deviantart.com,$1152.48,2006
483,Sela,Lydiatt,Genderqueer,44,slydiattde@shutterfly.com,$3028.39,1995
484,Ethel,Raubheim,Female,52,eraubheimdf@feedburner.com,$4691.11,2005
485,Shana,Slafford,Female,29,sslafforddg@bloglovin.com,$15609.87,2000
486,Brina,Nairy,Female,45,bnairydh@vistaprint.com,$11729.16,1988
487,Tab,Czaple,Male,36,tczapledi@yahoo.com,$8501.45,1998
488,Brion,Hackelton,Male,34,bhackeltondj@wisc.edu,$6467.24,2010
489,Joyce,Haggeth,Female,25,jhaggethdk@usda.gov,$17375.92,1992
490,Jeremie,Light,Male,23,jlightdl@blog.com,$2092.35,1996
491,Harper,Heymes,Male,75,hheymesdm@webs.com,$14947.98,2007
492,Nial,Keyse,Male,53,nkeysedn@gmpg.org,$7587.64,1997
493,Anastassia,Giraudel,Agender,44,agiraudeldo@technorati.com,$7693.61,2007
494,Kial,Gauld,Female,34,kgaulddp@instagram.com,$14771.36,2005
495,Victoir,Leneve,Male,55,vlenevedq@fda.gov,$6367.81,2003
496,Maren,Stentiford,Female,66,mstentiforddr@sourceforge.net,$941.02,2010
497,Christophorus,Crummey,Male,33,ccrummeyds@studiopress.com,$2257.32,2010
498,Cordi,Andre,Agender,38,candredt@wix.com,$9268.27,1984
499,Jeana,Domingues,Female,50,jdominguesdu@ycombinator.com,$10916.56,2010
500,Tyler,Bastow,Agender,33,tbastowdv@usgs.gov,$6852.81,2011
501,Ernesta,Burgoin,Female,27,eburgoindw@cornell.edu,$17590.40,2000
502,Demetris,Bouda,Female,73,dboudadx@mtv.com,$922.71,1998
503,Cecil,Mebs,Male,24,cmebsdy@zdnet.com,$3770.95,2012
504,Agosto,Bengochea,Male,70,abengocheadz@usda.gov,$14762.18,2003
505,Vivien,Exall,Female,60,vexalle0@123-reg.co.uk,$2585.11,2013
506,Travers,McCoy,Male,69,tmccoye1@abc.net.au,$11828.26,1984
507,Jenni,Canizares,Female,71,jcanizarese2@mit.edu,$10194.78,2003
508,Dietrich,Sleit,Bigender,51,dsleite3@cornell.edu,$16418.85,2004
509,Iver,Courtney,Male,36,icourtneye4@alexa.com,$6554.23,2005
510,Deirdre,Klimas,Female,64,dklimase5@feedburner.com,$15231.42,2004
511,Shellysheldon,Laible,Male,51,slaiblee6@wiley.com,$2830.60,2001
512,Cheslie,Geockle,Female,69,cgeocklee7@aboutads.info,$6059.45,2005
513,Isaac,Kindleysides,Agender,50,ikindleysidese8@wunderground.com,$13154.65,1996
514,Kassie,Klimek,Female,68,kklimeke9@ocn.ne.jp,$978.98,2003
515,Orion,Hammell,Male,50,ohammellea@umich.edu,$1168.85,2010
516,Justus,Curnok,Male,68,jcurnokeb@tumblr.com,$15211.63,1997
517,Che,Stookes,Male,74,cstookesec@google.nl,$8959.98,1992
518,Morrie,McCurtin,Male,45,mmccurtined@wired.com,$14902.15,2005
519,Yolanthe,Sallows,Female,26,ysallowsee@typepad.com,$6480.63,2010
520,Aguie,Netti,Male,51,anettief@wisc.edu,$15235.66,1976
521,Gaile,Harsent,Male,56,gharsenteg@edublogs.org,$3443.98,2001
522,Austen,Tidmas,Genderfluid,66,atidmaseh@dmoz.org,$10187.18,2003
523,Leif,Heare,Male,37,lheareei@behance.net,$11538.58,2006
524,Iver,Loche,Male,68,ilocheej@dion.ne.jp,$7924.02,1997
525,Bax,Bartolomeazzi,Male,29,bbartolomeazziek@ning.com,$15543.27,1967
526,Eldridge,Galvin,Male,60,egalvinel@tripadvisor.com,$16335.74,1997
527,Saree,Malone,Female,70,smaloneem@weibo.com,$363.59,2003
528,Bella,Goldster,Bigender,31,bgoldsteren@yellowpages.com,$4348.69,1991
529,Blakelee,Flewan,Female,57,bflewaneo@wix.com,$5204.43,1965
530,Falito,Vanyarkin,Male,23,fvanyarkinep@unc.edu,$744.67,2010
531,Billye,Lathwell,Female,32,blathwelleq@hp.com,$16745.53,1997
532,Skelly,Muddiman,Agender,43,smuddimaner@google.com,$1201.52,2002
533,Randee,Demetr,Female,70,rdemetres@go.com,$5841.27,1995
534,Enrique,Sheehy,Male,72,esheehyet@histats.com,$7829.21,2007
535,Tommi,Sulman,Bigender,37,tsulmaneu@usda.gov,$10975.79,1993
536,Ingemar,Kopacek,Male,78,ikopacekev@drupal.org,$14587.89,1996
537,Arabel,Battill,Female,33,abattillew@lulu.com,$4525.55,2002
538,Rebe,Sterman,Female,59,rstermanex@ucsd.edu,$12758.14,2004
539,Crista,Renihan,Female,35,crenihaney@columbia.edu,$16800.31,2011
540,Rosie,Donnett,Female,29,rdonnettez@hatena.ne.jp,$3471.91,1997
541,Kev,Whimper,Genderqueer,24,kwhimperf0@addthis.com,$9241.63,1994
542,Gail,Callinan,Male,71,gcallinanf1@google.es,$3587.48,2010
543,Sarine,McGrudder,Female,65,smcgrudderf2@google.ru,$8270.15,2012
544,Nelson,Delea,Male,69,ndeleaf3@privacy.gov.au,$14408.33,1999
545,Leupold,Harfoot,Male,26,lharfootf4@stanford.edu,$12008.02,2002
546,Lee,Tuckerman,Female,41,ltuckermanf5@ox.ac.uk,$11642.46,2009
547,Augustus,Emburey,Genderqueer,55,aembureyf6@chronoengine.com,$5716.00,2009
548,Retha,Commings,Female,28,rcommingsf7@prlog.org,$16568.09,2012
549,Barnebas,Chasles,Male,45,bchaslesf8@scribd.com,$2703.13,2009
550,Arty,Lownsbrough,Male,33,alownsbroughf9@cbsnews.com,$11635.57,1996
551,Ferdinanda,Leroy,Female,36,fleroyfa@sourceforge.net,$3880.05,1996
552,Sherline,Shackle,Female,69,sshacklefb@edublogs.org,$3636.53,2011
553,Hi,McGonagle,Male,76,hmcgonaglefc@tripod.com,$5950.67,2006
554,Rachel,Gatlin,Female,59,rgatlinfd@ifeng.com,$2641.34,2003
555,Gwennie,Syde,Female,69,gsydefe@time.com,$11752.60,2006
556,Russ,Dodgshon,Male,40,rdodgshonff@blog.com,$6860.12,1998
557,Derby,Village,Male,45,dvillagefg@squarespace.com,$13169.82,2001
558,Mel,Cragell,Female,42,mcragellfh@csmonitor.com,$12363.89,1988
559,Harriett,MacQuarrie,Female,50,hmacquarriefi@google.fr,$16023.95,1995
560,Pearle,Dwelly,Female,47,pdwellyfj@nasa.gov,$4946.82,2002
561,Sybila,Linner,Female,25,slinnerfk@stanford.edu,$11652.43,2004
562,Querida,Earnshaw,Female,41,qearnshawfl@icq.com,$3811.92,2003
563,Alfie,Coltart,Female,68,acoltartfm@europa.eu,$8456.56,2005
564,Almire,Grcic,Female,74,agrcicfn@biglobe.ne.jp,$9821.45,2000
565,Blondie,Verman,Genderqueer,65,bvermanfo@webmd.com,$2893.01,2012
566,Mel,Bortoluzzi,Genderfluid,61,mbortoluzzifp@hugedomains.com,$3036.91,1996
567,Kermie,Beatty,Male,54,kbeattyfq@hatena.ne.jp,$14261.80,1999
568,Rafferty,Neeve,Male,76,rneevefr@foxnews.com,$11209.31,1990
569,Consolata,Newrick,Female,54,cnewrickfs@sohu.com,$10097.39,2008
570,Farlee,Freeberne,Genderqueer,57,ffreeberneft@cyberchimps.com,$866.44,1989
571,Nixie,Danigel,Female,62,ndanigelfu@ebay.com,$10094.96,2009
572,Ailene,Cartmail,Female,34,acartmailfv@1688.com,$2505.51,2002
573,Anne-marie,Boddis,Female,76,aboddisfw@tripod.com,$10296.95,1997
574,Cindelyn,Featherstone,Female,63,cfeatherstonefx@shinystat.com,$11316.82,2005
575,Cecil,Prestidge,Female,65,cprestidgefy@parallels.com,$13843.24,1993
576,Walton,McCluin,Male,43,wmccluinfz@oracle.com,$2700.06,1985
577,Gunther,Simek,Male,61,gsimekg0@goodreads.com,$8582.99,1985
578,Matias,Nelmes,Male,27,mnelmesg1@gnu.org,$9966.50,1990
579,Giselbert,Hudspeth,Genderqueer,54,ghudspethg2@europa.eu,$4086.48,2009
580,Jen,Larmor,Female,77,jlarmorg3@blinklist.com,$2357.93,2006
581,Jamesy,McKibbin,Non-binary,38,jmckibbing4@seattletimes.com,$15512.47,2007
582,Bayard,Penrose,Male,77,bpenroseg5@edublogs.org,$9840.62,2008
583,Essy,Roux,Agender,72,erouxg6@google.it,$4904.93,2007
584,Corenda,Huntly,Female,42,chuntlyg7@cdc.gov,$15471.78,1998
585,Carrissa,Canadas,Polygender,76,ccanadasg8@merriam-webster.com,$815.84,2010
586,Ellery,Haddrell,Male,53,ehaddrellg9@exblog.jp,$886.17,1994
587,Robbie,Pizzie,Male,36,rpizziega@biblegateway.com,$6377.52,2011
588,Lura,Pietersen,Female,64,lpietersengb@pagesperso-orange.fr,$1355.66,1995
589,Perceval,Cramb,Male,43,pcrambgc@springer.com,$4892.58,2002
590,Analise,Dillinton,Female,64,adillintongd@amazonaws.com,$2341.07,1998
591,Ferne,Note,Female,78,fnotege@chron.com,$3431.26,2001
592,Sloan,Epsly,Male,54,sepslygf@bloglovin.com,$15798.59,2001
593,Devon,Kach,Female,46,dkachgg@utexas.edu,$11006.26,2010
594,Shanda,Naldrett,Female,57,snaldrettgh@gnu.org,$5261.21,2006
595,Colleen,Jacquot,Female,60,cjacquotgi@photobucket.com,$7844.54,2004
596,Lynnette,Korneluk,Genderqueer,55,lkornelukgj@istockphoto.com,$7942.83,2002
597,Cathe,Devall,Female,56,cdevallgk@cocolog-nifty.com,$9565.83,2001
598,Ximenez,Denisovo,Male,35,xdenisovogl@nsw.gov.au,$14004.17,1994
599,Katleen,Heakins,Female,42,kheakinsgm@histats.com,$4836.87,2009
600,Nessa,Candey,Female,43,ncandeygn@bloglovin.com,$17902.59,1984
601,Alden,Rowston,Male,57,arowstongo@google.cn,$8544.61,2001
602,Richy,Jakoubek,Male,26,rjakoubekgp@g.co,$16681.05,2000
603,Cherlyn,Dugall,Bigender,42,cdugallgq@deviantart.com,$2770.83,2001
604,Berni,Sewell,Female,34,bsewellgr@cdbaby.com,$17287.62,1996
605,Cly,Andreutti,Male,67,candreuttigs@typepad.com,$6119.26,2012
606,Claudie,Ciccottio,Female,26,cciccottiogt@imageshack.us,$12904.99,1998
607,Judy,Bronger,Female,39,jbrongergu@mayoclinic.com,$9046.14,1987
608,Thornton,Jamieson,Polygender,68,tjamiesongv@mayoclinic.com,$16021.38,1980
609,Jonathon,Thurlbourne,Male,61,jthurlbournegw@wordpress.org,$16010.09,2012
610,Sallyann,Collip,Female,70,scollipgx@wordpress.org,$10114.35,1992
611,Sharl,Shrubsall,Female,70,sshrubsallgy@noaa.gov,$14377.50,1999
612,Padget,Leighfield,Male,46,pleighfieldgz@reuters.com,$7854.17,1991
613,Krystal,Khristyukhin,Female,60,kkhristyukhinh0@etsy.com,$785.89,2000
614,Vilma,Irdale,Female,49,virdaleh1@bbc.co.uk,$6042.29,1993
615,Everard,Ings,Male,68,eingsh2@lycos.com,$6620.01,2000
616,Noble,Lorentzen,Male,78,nlorentzenh3@unblog.fr,$8322.77,2004
617,Si,Morrieson,Male,78,smorriesonh4@discovery.com,$2892.86,1995
618,Donn,Dalgetty,Male,63,ddalgettyh5@biglobe.ne.jp,$9088.55,2002
619,Almeda,Covington,Female,67,acovingtonh6@photobucket.com,$3671.64,2000
620,Anatollo,Sprasen,Male,36,asprasenh7@wufoo.com,$13882.51,1996
621,Tandy,Atlee,Female,74,tatleeh8@businessweek.com,$17856.40,1998
622,Wells,Crawley,Genderqueer,55,wcrawleyh9@theglobeandmail.com,$11187.73,1987
623,Gardiner,Aylott,Male,62,gaylottha@engadget.com,$6044.37,1999
624,Candice,Hazleton,Female,51,chazletonhb@spotify.com,$1144.44,1994
625,Sande,Spaldin,Female,49,sspaldinhc@rediff.com,$11672.83,2009
626,Lissy,Dorant,Female,51,ldoranthd@hugedomains.com,$4777.51,1996
627,Veronika,Lemon,Female,56,vlemonhe@flavors.me,$1589.25,2006
628,Bryanty,Rickert,Male,48,brickerthf@spotify.com,$17596.23,2011
629,Emelen,Colin,Male,55,ecolinhg@wisc.edu,$5174.54,2006
630,Loralie,Benedidick,Female,73,lbenedidickhh@istockphoto.com,$6327.51,2012
631,Burtie,Yokel,Male,57,byokelhi@stanford.edu,$4106.29,1987
632,Cort,Shutler,Male,56,cshutlerhj@va.gov,$17231.85,2001
633,Kimberlee,Dorling,Female,25,kdorlinghk@meetup.com,$1699.99,2010
634,Gilly,Peevor,Female,48,gpeevorhl@odnoklassniki.ru,$9600.29,1998
635,Taffy,Bernlin,Female,62,tbernlinhm@digg.com,$8100.07,1994
636,Carri,Quinell,Female,72,cquinellhn@istockphoto.com,$11199.42,2000
637,Porter,Shore,Male,73,pshoreho@bandcamp.com,$15067.40,1993
638,Dix,McAughtry,Female,43,dmcaughtryhp@flickr.com,$5056.19,2007
639,Pinchas,Pegden,Male,34,ppegdenhq@example.com,$599.48,2001
640,Melita,Dhenin,Female,49,mdheninhr@friendfeed.com,$11794.72,2001
641,Laughton,Deyenhardt,Male,68,ldeyenhardths@alexa.com,$10054.28,2005
642,Goddard,Rottger,Male,28,grottgerht@dell.com,$16676.10,2006
643,Maddie,O'Cahsedy,Male,37,mocahsedyhu@ovh.net,$5735.83,1987
644,Koral,Murford,Female,28,kmurfordhv@sourceforge.net,$7484.20,2012
645,Chloe,Paddon,Female,31,cpaddonhw@xrea.com,$8772.58,1989
646,Felicia,Fantone,Female,39,ffantonehx@comcast.net,$846.08,2012
647,Mae,Tanti,Female,41,mtantihy@howstuffworks.com,$12310.84,2006
648,Helli,Choldcroft,Female,35,hcholdcrofthz@ameblo.jp,$13592.74,1998
649,Drusy,Cattrall,Genderfluid,70,dcattralli0@usa.gov,$14569.22,1987
650,Trace,Juszczak,Male,69,tjuszczaki1@stumbleupon.com,$4665.16,2006
651,Melicent,McGillacoell,Female,40,mmcgillacoelli2@statcounter.com,$16879.20,1998
652,Faydra,Gladdor,Polygender,63,fgladdori3@fotki.com,$8733.55,1961
653,Lorry,Durtnall,Male,39,ldurtnalli4@bbb.org,$8737.89,2000
654,Nora,Rule,Female,57,nrulei5@php.net,$17798.78,2003
655,Irita,Furbank,Female,54,ifurbanki6@latimes.com,$9485.85,1992
656,Cosimo,Rapps,Genderqueer,46,crappsi7@princeton.edu,$3945.92,1997
657,Emiline,Speechly,Female,53,espeechlyi8@blogtalkradio.com,$3597.63,2009
658,Valaree,Melby,Female,62,vmelbyi9@w3.org,$8253.70,1995
659,Lian,Mercy,Female,66,lmercyia@dion.ne.jp,$8956.02,1997
660,Kym,Williams,Female,38,kwilliamsib@studiopress.com,$4819.67,2007
661,Raul,Sowerby,Male,25,rsowerbyic@nature.com,$1655.13,2006
662,Gualterio,Sheldrick,Genderfluid,31,gsheldrickid@shop-pro.jp,$13956.57,1997
663,Siward,Sturridge,Male,42,ssturridgeie@paginegialle.it,$6031.55,1995
664,Alysa,Helleker,Female,69,ahellekerif@samsung.com,$3998.10,1995
665,Raeann,Pealing,Female,50,rpealingig@qq.com,$16802.86,1997
666,Zackariah,McCrisken,Male,44,zmccriskenih@webs.com,$1462.21,2009
667,Lorine,Nusche,Female,62,lnuscheii@vinaora.com,$3972.97,1999
668,Deerdre,Stucke,Female,59,dstuckeij@theatlantic.com,$5546.87,1994
669,Donelle,Brient,Female,73,dbrientik@ted.com,$10350.71,1998
670,Forest,Whymark,Male,40,fwhymarkil@bbc.co.uk,$6627.49,2008
671,Lacee,Newlands,Female,42,lnewlandsim@mozilla.org,$3020.77,1970
672,Elora,Zahor,Female,45,ezahorin@yelp.com,$5887.79,1990
673,Claudine,Chelley,Female,72,cchelleyio@xrea.com,$15827.88,1985
674,Morty,Armall,Male,57,marmallip@blinklist.com,$12419.33,2006
675,Thomasa,Buey,Female,74,tbueyiq@bandcamp.com,$11541.54,1984
676,Garrott,Leadbetter,Male,73,gleadbetterir@geocities.jp,$6378.17,2004
677,Alfie,Haydney,Male,46,ahaydneyis@discovery.com,$12139.04,1993
678,Arlina,Marjanski,Female,59,amarjanskiit@exblog.jp,$16128.61,1992
679,Keen,Steenson,Male,42,ksteensoniu@wunderground.com,$14517.68,1997
680,Agna,Ackenhead,Female,49,aackenheadiv@about.com,$12440.34,2010
681,Boycey,Tollmache,Male,53,btollmacheiw@home.pl,$9585.01,1992
682,Anet,Keemer,Female,54,akeemerix@telegraph.co.uk,$2234.02,2002
683,Gene,Cumbridge,Female,78,gcumbridgeiy@nymag.com,$8809.82,2003
684,Laurie,Kubach,Female,44,lkubachiz@google.fr,$2964.57,2003
685,Spencer,Cridlon,Bigender,53,scridlonj0@google.es,$9228.09,2006
686,Petronia,Caston,Genderqueer,44,pcastonj1@washingtonpost.com,$13038.94,2005
687,Nicolle,Colnet,Polygender,48,ncolnetj2@yandex.ru,$15266.37,2009
688,Pierson,Fairy,Male,52,pfairyj3@bigcartel.com,$8217.15,1996
689,Dewie,Tremoulet,Bigender,57,dtremouletj4@pbs.org,$12053.34,1998
690,Lock,Kirsop,Male,35,lkirsopj5@techcrunch.com,$10854.99,1989
691,Caitlin,Loynton,Female,63,cloyntonj6@networkadvertising.org,$6490.16,1997
692,Derrick,Ionnisian,Male,36,dionnisianj7@wix.com,$1818.20,2008
693,Stearn,Brunesco,Male,70,sbrunescoj8@arizona.edu,$1581.16,2009
694,Werner,Josephi,Male,49,wjosephij9@cornell.edu,$13606.41,2002
695,Shelbi,Fruchter,Female,55,sfruchterja@last.fm,$5468.32,2008
696,Bertie,Viner,Male,71,bvinerjb@blogger.com,$10855.03,2003
697,Xylina,Walstow,Female,63,xwalstowjc@deviantart.com,$6552.32,2001
698,Madalena,Dengate,Female,71,mdengatejd@latimes.com,$6955.87,1992
699,Francesco,Furney,Male,70,ffurneyje@craigslist.org,$4806.95,1993
700,Elisa,Fisbey,Female,56,efisbeyjf@epa.gov,$13531.84,2003
701,Kori,Pomeroy,Female,71,kpomeroyjg@narod.ru,$10095.60,2005
702,Amargo,Winsper,Female,61,awinsperjh@nba.com,$3397.43,1994
703,Esmaria,Skamell,Female,43,eskamellji@umich.edu,$828.91,2008
704,Bendite,Ambroziak,Female,68,bambroziakjj@skyrock.com,$5319.20,2001
705,Marsiella,Folkerd,Female,73,mfolkerdjk@parallels.com,$1603.74,2007
706,Krissie,Dodsworth,Female,51,kdodsworthjl@patch.com,$15148.35,1994
707,Melodie,Vedntyev,Female,44,mvedntyevjm@pen.io,$4173.49,1996
708,Gregg,Stille,Male,68,gstillejn@privacy.gov.au,$17321.58,1994
709,Bernelle,Dumpleton,Female,58,bdumpletonjo@cloudflare.com,$17532.34,1993
710,Francesco,Fryd,Male,53,ffrydjp@wufoo.com,$4025.52,1961
711,Brittne,Lewsey,Female,69,blewseyjq@archive.org,$14574.31,2006
712,Fina,Bodocs,Female,55,fbodocsjr@usnews.com,$342.97,2000
713,Cristabel,Lage,Female,40,clagejs@bandcamp.com,$14564.49,2005
714,Anthony,Riccione,Male,53,ariccionejt@xinhuanet.com,$11439.68,2004
715,Alberto,Allison,Male,48,aallisonju@nationalgeographic.com,$13743.58,1992
716,Kippie,Etches,Male,56,ketchesjv@soundcloud.com,$8252.00,2000
717,Roslyn,Gerish,Female,46,rgerishjw@columbia.edu,$16373.50,2004
718,Osmond,Truscott,Genderqueer,58,otruscottjx@mozilla.org,$12893.51,2009
719,Jo,Brackstone,Male,47,jbrackstonejy@bluehost.com,$663.24,2010
720,Benjamin,Sandars,Male,49,bsandarsjz@smugmug.com,$1578.97,1984
721,Cassandry,Collings,Female,57,ccollingsk0@mlb.com,$12189.29,2001
722,Teresina,Sterley,Female,73,tsterleyk1@wikispaces.com,$16936.86,2006
723,Merrielle,Faughnan,Female,77,mfaughnank2@feedburner.com,$17327.73,1995
724,Yul,Drees,Polygender,78,ydreesk3@miitbeian.gov.cn,$15981.76,1999
725,Carlene,McMurty,Female,38,cmcmurtyk4@thetimes.co.uk,$8386.86,1996
726,Grantley,Tatchell,Male,68,gtatchellk5@google.com.br,$6079.00,2003
727,Nanni,Sancto,Female,40,nsanctok6@irs.gov,$13350.40,2006
728,Em,Mullender,Male,64,emullenderk7@buzzfeed.com,$6337.60,1996
729,Lesya,Dundon,Female,62,ldundonk8@ftc.gov,$17496.81,2006
730,Delora,Vinden,Female,74,dvindenk9@ycombinator.com,$9731.83,2000
731,Adel,Cavil,Female,69,acavilka@gnu.org,$8361.14,1999
732,Lissa,Sweedy,Female,37,lsweedykb@squarespace.com,$4049.87,1984
733,Yankee,Candwell,Male,54,ycandwellkc@digg.com,$1315.93,1995
734,Albrecht,Goodbairn,Male,32,agoodbairnkd@cnn.com,$15780.65,1978
735,Laurie,Grzesiewicz,Female,67,lgrzesiewiczke@hubpages.com,$13000.14,2007
736,Fulton,Marielle,Male,57,fmariellekf@free.fr,$16628.47,2006
737,Adriana,Milesap,Female,28,amilesapkg@bluehost.com,$17556.30,1987
738,Agnese,Allsworth,Female,37,aallsworthkh@tiny.cc,$12429.69,2000
739,Pat,Lawtie,Male,76,plawtieki@marriott.com,$12663.00,1988
740,Gilligan,Dyers,Female,56,gdyerskj@ocn.ne.jp,$3119.11,2005
741,Duky,Micallef,Male,41,dmicallefkk@techcrunch.com,$6179.09,2001
742,Carny,Clemanceau,Male,75,cclemanceaukl@sciencedaily.com,$3917.32,1993
743,Doe,Lovett,Female,43,dlovettkm@ftc.gov,$4026.27,1996
744,Barbabas,Baudet,Male,51,bbaudetkn@surveymonkey.com,$797.64,2010
745,Tally,Robart,Female,27,trobartko@ezinearticles.com,$5934.12,2009
746,Sawyer,Gomersal,Male,75,sgomersalkp@washingtonpost.com,$12660.16,1989
747,Katya,Peddowe,Agender,46,kpeddowekq@marketwatch.com,$3965.30,1997
748,Patsy,Dungee,Female,57,pdungeekr@utexas.edu,$17183.72,2012
749,Will,Thon,Male,54,wthonks@ucsd.edu,$10896.35,2004
750,Doris,Brownhall,Female,77,dbrownhallkt@patch.com,$8556.21,2004
751,Say,Kells,Male,50,skellsku@cnet.com,$555.97,1989
752,Cathleen,Emerine,Female,34,cemerinekv@google.ca,$10794.91,1993
753,Aldo,Tidmarsh,Male,23,atidmarshkw@theglobeandmail.com,$8837.19,2012
754,Winnah,Rossin,Female,43,wrossinkx@issuu.com,$11187.85,2006
755,Oby,Landells,Male,69,olandellsky@uiuc.edu,$14855.53,1996
756,Cordula,Coombe,Female,65,ccoombekz@chron.com,$1325.14,2013
757,Hillary,Annion,Male,60,hannionl0@npr.org,$7097.87,1999
758,Adler,Van Arsdalen,Male,59,avanarsdalenl1@amazon.de,$6233.04,1998
759,Wilfrid,Torres,Male,47,wtorresl2@twitter.com,$4644.21,2008
760,Adrien,Thiese,Male,56,athiesel3@jugem.jp,$9231.87,2008
761,Berta,Goscomb,Female,24,bgoscombl4@flickr.com,$8546.98,2000
762,Robby,Simo,Male,38,rsimol5@fema.gov,$14023.60,2007
763,Aurilia,Topping,Female,72,atoppingl6@about.com,$1677.74,1993
764,Neda,Nevitt,Genderqueer,59,nnevittl7@ed.gov,$6142.10,2008
765,Jeannette,Gittoes,Female,71,jgittoesl8@fc2.com,$2588.60,2002
766,Staffard,Bourgaize,Male,39,sbourgaizel9@hao123.com,$6397.46,1987
767,Sheridan,Clempton,Male,32,sclemptonla@nasa.gov,$11955.88,2012
768,Abagail,Chalfain,Female,32,achalfainlb@dropbox.com,$13010.14,1981
769,Britt,Wootton,Female,31,bwoottonlc@disqus.com,$7618.28,2001
770,Ellis,Tracey,Male,68,etraceyld@fda.gov,$11550.43,2011
771,Geoffry,Prest,Male,60,gprestle@pbs.org,$14428.02,1992
772,Leonard,Kwiek,Genderfluid,40,lkwieklf@vimeo.com,$6190.55,1990
773,Solomon,Toplis,Male,76,stoplislg@shutterfly.com,$13130.83,1984
774,Charlie,Plaskett,Male,27,cplaskettlh@fda.gov,$1712.91,2001
775,Ealasaid,Braunds,Female,59,ebraundsli@chronoengine.com,$15726.24,1992
776,Marilyn,Gauthorpp,Female,69,mgauthorpplj@about.me,$8984.80,2009
777,Chance,Balf,Male,26,cbalflk@cyberchimps.com,$7154.65,2010
778,Miriam,Rumford,Female,59,mrumfordll@wsj.com,$3076.29,2008
779,Ingunna,Syphas,Female,34,isyphaslm@home.pl,$10308.55,1967
780,Verine,Lyven,Female,40,vlyvenln@ning.com,$12703.95,2009
781,Zorine,Keddle,Female,24,zkeddlelo@flickr.com,$12725.44,1996
782,Alec,Bew,Male,58,abewlp@mapy.cz,$5245.56,2012
783,Krysta,Baud,Female,73,kbaudlq@discovery.com,$3611.41,2009
784,Gayler,Laurentino,Male,25,glaurentinolr@thetimes.co.uk,$444.06,1993
785,Agnella,Sprey,Female,46,aspreyls@princeton.edu,$1757.07,2003
786,Cleon,Brett,Male,68,cbrettlt@globo.com,$7307.81,1981
787,Malynda,Dysart,Female,32,mdysartlu@360.cn,$9955.98,2013
788,Bancroft,Lutwidge,Male,44,blutwidgelv@yahoo.co.jp,$12542.72,2011
789,Clair,Couronne,Female,74,ccouronnelw@state.gov,$10022.72,1972
790,Salvidor,Fuente,Male,76,sfuentelx@eepurl.com,$3835.61,1997
791,Ambrosio,Hiddy,Male,61,ahiddyly@ocn.ne.jp,$8573.16,1996
792,Randy,Rubenczyk,Female,31,rrubenczyklz@ca.gov,$3645.94,2012
793,Jere,Tidy,Female,62,jtidym0@howstuffworks.com,$11169.71,1999
794,Rikki,Kemshell,Male,24,rkemshellm1@dailymail.co.uk,$9047.27,1999
795,Claiborne,Giffaut,Male,69,cgiffautm2@themeforest.net,$10047.31,1987
796,Clo,Paszak,Female,70,cpaszakm3@fastcompany.com,$4101.36,2008
797,Cullin,Buyers,Male,77,cbuyersm4@latimes.com,$8206.46,2007
798,Baxy,Birks,Male,53,bbirksm5@redcross.org,$4615.93,2001
799,Jo-ann,Speck,Female,45,jspeckm6@ow.ly,$10914.08,1968
800,Shoshana,Pocklington,Polygender,66,spocklingtonm7@elpais.com,$4586.69,2003
801,Didi,Spadazzi,Female,57,dspadazzim8@tinypic.com,$918.34,1971
802,Zandra,McMenemy,Female,63,zmcmenemym9@opensource.org,$12473.22,2011
803,Whitney,Oleshunin,Male,54,woleshuninma@github.io,$17758.15,2010
804,Caryn,Ville,Female,32,cvillemb@unc.edu,$14953.03,2008
805,Brooks,Lukash,Male,59,blukashmc@dyndns.org,$6841.34,2007
806,Joshua,Walenta,Male,54,jwalentamd@usgs.gov,$2782.60,1997
807,Seline,Dibdall,Female,23,sdibdallme@theguardian.com,$16009.28,1984
808,Magdalena,McEntagart,Genderqueer,31,mmcentagartmf@washingtonpost.com,$5703.98,1992
809,Hasty,Montez,Male,62,hmontezmg@princeton.edu,$15238.10,2010
810,Margery,Ivamy,Female,40,mivamymh@goo.ne.jp,$6056.84,1992
811,Octavia,Woodman,Female,43,owoodmanmi@canalblog.com,$10554.94,1992
812,Renaud,Soall,Male,76,rsoallmj@yandex.ru,$690.74,2009
813,Daphne,Simonitto,Female,28,dsimonittomk@studiopress.com,$16151.70,2005
814,Ede,Jachimczak,Female,27,ejachimczakml@com.com,$6912.42,1993
815,Carey,Macon,Female,28,cmaconmm@creativecommons.org,$10903.22,1999
816,Dorisa,Springett,Female,26,dspringettmn@blogs.com,$11310.69,1999
817,Wendeline,Trimble,Female,47,wtrimblemo@businessinsider.com,$12232.24,1985
818,Langsdon,Clampett,Non-binary,56,lclampettmp@nba.com,$9503.12,2011
819,Elsi,Genner,Female,32,egennermq@mac.com,$17252.03,2000
820,Rafaela,Kertess,Female,70,rkertessmr@so-net.ne.jp,$2788.22,1998
821,Nikita,Ellett,Male,43,nellettms@bloglines.com,$7337.68,2000
822,Abran,Perrin,Male,43,aperrinmt@wired.com,$9301.01,2003
823,Gibbie,Barrie,Male,35,gbarriemu@oakley.com,$5512.24,2002
824,Myrta,Norcock,Female,55,mnorcockmv@usda.gov,$6228.47,1997
825,Wallie,Schall,Male,72,wschallmw@wp.com,$481.47,1998
826,Tomlin,Nuccitelli,Male,29,tnuccitellimx@home.pl,$17699.91,2001
827,Olivier,Janek,Male,33,ojanekmy@twitpic.com,$6682.72,2007
828,Nichol,Hearle,Female,63,nhearlemz@sciencedaily.com,$17023.62,1992
829,Lalo,St. Clair,Male,55,lstclairn0@webnode.com,$5599.96,2004
830,Vivianne,Shillan,Female,63,vshillann1@samsung.com,$11595.57,2003
831,Alvinia,Beazleigh,Female,68,abeazleighn2@google.com,$11879.21,2008
832,Alma,Krugmann,Female,23,akrugmannn3@gizmodo.com,$11802.46,1997
833,Axel,Sturgeon,Male,69,asturgeonn4@washington.edu,$13862.19,1995
834,Natalya,Weatherburn,Bigender,46,nweatherburnn5@twitter.com,$11399.77,1994
835,Hinda,Clempton,Female,32,hclemptonn6@nature.com,$16457.62,1970
836,Aila,Muzzollo,Female,50,amuzzollon7@princeton.edu,$12826.98,2008
837,Gualterio,Fattorini,Male,71,gfattorinin8@google.it,$4270.57,2006
838,Miran,Blacket,Female,33,mblacketn9@abc.net.au,$3701.09,2008
839,Dall,Rubury,Male,70,druburyna@cargocollective.com,$15925.41,2001
840,Margit,Samuels,Female,62,msamuelsnb@squidoo.com,$12794.23,1992
841,Egbert,Nucciotti,Male,35,enucciottinc@umich.edu,$11987.20,1990
842,Goldi,Langhorne,Female,47,glanghornend@is.gd,$16941.85,1996
843,Cynthy,Vautin,Female,49,cvautinne@wisc.edu,$9076.58,2008
844,Nicoline,Pessold,Female,78,npessoldnf@zimbio.com,$13759.04,2004
845,Dulci,Messam,Female,53,dmessamng@disqus.com,$7867.75,2012
846,Carney,Lamborne,Polygender,50,clambornenh@bandcamp.com,$10728.32,1998
847,Erinna,Caps,Female,77,ecapsni@mayoclinic.com,$8441.23,1994
848,Trueman,Ohm,Male,68,tohmnj@wired.com,$6788.34,1985
849,Erminie,Duffer,Female,48,eduffernk@apple.com,$7475.67,2006
850,Emalia,Evensden,Female,49,eevensdennl@webnode.com,$14011.40,1993
851,Naomi,Dunne,Female,69,ndunnenm@japanpost.jp,$4292.02,2010
852,Francesco,Winchester,Male,40,fwinchesternn@bloglines.com,$17346.73,2004
853,Kerri,Bricklebank,Female,30,kbricklebankno@deviantart.com,$10389.29,2012
854,Anabel,Mackett,Female,34,amackettnp@reddit.com,$16683.40,1990
855,Lodovico,Vedyasov,Male,35,lvedyasovnq@ca.gov,$9477.77,1989
856,Pamelina,Haney,Polygender,25,phaneynr@1688.com,$5236.96,1988
857,Lorne,Bowman,Female,66,lbowmanns@wiley.com,$6861.49,2000
858,Rudie,Basley,Male,74,rbasleynt@reuters.com,$7386.30,1995
859,Alix,Koch,Genderqueer,56,akochnu@wikia.com,$14399.30,2002
860,Storm,Mahaddie,Female,69,smahaddienv@163.com,$8275.49,1996
861,Marcelia,Gutans,Female,23,mgutansnw@gnu.org,$15000.38,2008
862,Ned,Perillio,Male,74,nperillionx@hexun.com,$16667.75,1995
863,Val,MacDougall,Female,37,vmacdougallny@ehow.com,$4566.07,2000
864,Margaretta,Woolf,Female,34,mwoolfnz@dyndns.org,$10719.46,1995
865,Callie,Kidder,Female,76,ckiddero0@aol.com,$5632.33,1993
866,Brodie,Diter,Male,33,bditero1@t-online.de,$15257.78,2010
867,Mic,Cotterill,Male,56,mcotterillo2@weebly.com,$5613.37,2006
868,Alicea,Argabrite,Female,28,aargabriteo3@google.ca,$16370.86,2008
869,Dick,Vernay,Male,39,dvernayo4@cafepress.com,$1359.34,1994
870,Dunn,Attkins,Male,68,dattkinso5@51.la,$4080.06,1987
871,Inger,Dallow,Male,71,idallowo6@epa.gov,$1218.42,2004
872,Bobbe,Sumner,Female,25,bsumnero7@about.com,$9708.47,2001
873,Tommie,Cappel,Female,31,tcappelo8@spotify.com,$6458.84,2012
874,Tomas,Newarte,Male,34,tnewarteo9@cnn.com,$5022.97,1990
875,Terri,Raccio,Female,24,tracciooa@nsw.gov.au,$4068.11,1994
876,Timmie,Plampeyn,Female,71,tplampeynob@fastcompany.com,$12742.78,1986
877,Jeremias,Baselli,Male,51,jbasellioc@amazon.co.uk,$2007.58,2001
878,Huntington,Kitchenside,Male,77,hkitchensideod@technorati.com,$14711.58,1985
879,Loise,Collopy,Female,52,lcollopyoe@mysql.com,$14251.95,2011
880,Iain,Tregunnah,Male,63,itregunnahof@github.com,$8976.42,1995
881,Ashil,Yitshak,Genderfluid,40,ayitshakog@ft.com,$15947.53,2010
882,Saundra,Coltart,Female,50,scoltartoh@bloomberg.com,$8568.15,1990
883,Judah,Handy,Male,46,jhandyoi@salon.com,$7342.59,2003
884,Rich,Hyrons,Male,24,rhyronsoj@g.co,$5064.68,2008
885,Cecilius,Fleet,Male,41,cfleetok@businessweek.com,$12667.98,2005
886,Lia,Mack,Female,62,lmackol@amazonaws.com,$4998.27,2010
887,Samuel,Crowley,Male,43,scrowleyom@unblog.fr,$904.57,2006
888,Smitty,Hender,Male,25,shenderon@mashable.com,$8890.67,2011
889,Hazel,Sommerscales,Male,28,hsommerscalesoo@ca.gov,$13372.94,1995
890,Marlie,Brind,Female,28,mbrindop@usda.gov,$14462.67,1994
891,Dalston,Longhorne,Male,24,dlonghorneoq@123-reg.co.uk,$13036.97,1990
892,Helenelizabeth,Moorcraft,Female,70,hmoorcraftor@soundcloud.com,$14115.85,2004
893,Georgie,Grabban,Female,57,ggrabbanos@google.cn,$2252.34,2002
894,Charis,Houlston,Female,43,choulstonot@skype.com,$17052.96,1992
895,Jill,Pryor,Female,51,jpryorou@state.tx.us,$857.18,2005
896,Micky,Please,Female,70,mpleaseov@google.com.hk,$7412.15,2009
897,Danielle,Letterese,Female,65,dlettereseow@gnu.org,$1292.54,2007
898,Nonie,Risso,Female,49,nrissoox@who.int,$6515.26,2009
899,Lyn,Le Page,Male,49,llepageoy@biblegateway.com,$10244.07,2004
900,Tabor,Tumayan,Non-binary,34,ttumayanoz@slideshare.net,$12277.05,2002
901,Ave,Gage,Genderfluid,71,agagep0@mit.edu,$2157.66,1993
902,Gerri,Croce,Female,52,gcrocep1@usnews.com,$13594.01,2008
903,Drew,Hischke,Male,29,dhischkep2@tumblr.com,$16715.32,1990
904,Colet,Beddard,Male,78,cbeddardp3@blogs.com,$1962.35,1999
905,Lurline,Gocke,Agender,65,lgockep4@xrea.com,$10275.65,2003
906,Kelvin,Jemison,Male,32,kjemisonp5@spotify.com,$12610.06,1994
907,Pacorro,Tarbert,Male,32,ptarbertp6@sbwire.com,$4238.52,1998
908,Dorotea,Lasseter,Female,57,dlasseterp7@ocn.ne.jp,$9873.21,2006
909,Araldo,Lawfull,Male,38,alawfullp8@webs.com,$1454.48,1998
910,Farra,Tordiffe,Female,62,ftordiffep9@china.com.cn,$9453.07,2009
911,Kerrie,Chaize,Female,31,kchaizepa@census.gov,$6541.75,2003
912,Lew,Eagle,Male,41,leaglepb@hugedomains.com,$5577.65,1992
913,Reena,Magrannell,Female,24,rmagrannellpc@tripadvisor.com,$9683.81,2004
914,Shay,Trotter,Female,39,strotterpd@microsoft.com,$4487.49,2013
915,Jamal,Assard,Male,33,jassardpe@sciencedaily.com,$14340.05,1987
916,Ashia,Chatto,Female,57,achattopf@mediafire.com,$13538.87,2002
917,Avery,Dossettor,Male,28,adossettorpg@google.nl,$9191.45,2011
918,Baxie,Grut,Male,54,bgrutph@artisteer.com,$13971.55,1996
919,Kerby,Sworder,Bigender,37,ksworderpi@go.com,$2387.72,2002
920,Frederique,O'Lehane,Female,44,folehanepj@yahoo.co.jp,$10159.78,1989
921,Shawn,Genthner,Male,61,sgenthnerpk@hibu.com,$16746.46,2001
922,Leola,Clarridge,Female,67,lclarridgepl@google.ru,$15741.27,2003
923,Whitney,Sahlstrom,Female,71,wsahlstrompm@whitehouse.gov,$16601.03,1999
924,Pepillo,Greetham,Male,31,pgreethampn@seattletimes.com,$5752.64,2000
925,Camilla,Grandham,Female,27,cgrandhampo@webnode.com,$7567.42,2001
926,Brice,Boik,Male,53,bboikpp@blogtalkradio.com,$10424.65,2008
927,Winslow,Menguy,Male,33,wmenguypq@sphinn.com,$4703.51,2004
928,Sherry,Brady,Female,62,sbradypr@comsenz.com,$17367.14,2005
929,Marcile,Dallinder,Genderfluid,55,mdallinderps@ehow.com,$4974.08,2009
930,Kathi,Casol,Genderqueer,24,kcasolpt@prnewswire.com,$12680.03,1992
931,Ban,Cuppleditch,Male,60,bcuppleditchpu@cafepress.com,$9274.47,1993
932,Lothario,Mitchinson,Male,41,lmitchinsonpv@liveinternet.ru,$17685.08,1994
933,Ardene,Matzkaitis,Female,74,amatzkaitispw@plala.or.jp,$7200.83,1988
934,Maude,Ferron,Female,63,mferronpx@miitbeian.gov.cn,$8860.25,2000
935,Berkie,Gates,Male,24,bgatespy@eepurl.com,$14720.36,1999
936,Nevins,Sessions,Male,55,nsessionspz@wikimedia.org,$11940.37,2010
937,Paulie,Auten,Genderqueer,24,pautenq0@cargocollective.com,$16079.93,2003
938,Phillipp,Budgett,Male,41,pbudgettq1@imageshack.us,$12822.71,1996
939,Horton,Brownlow,Male,60,hbrownlowq2@yellowpages.com,$4210.40,2011
940,Noell,Carme,Female,68,ncarmeq3@studiopress.com,$7133.69,1999
941,Elana,Knocker,Female,46,eknockerq4@google.com.br,$2747.94,1989
942,Jordan,Cluet,Female,70,jcluetq5@mac.com,$942.66,2002
943,Iona,Fearon,Female,73,ifearonq6@ox.ac.uk,$11727.80,1986
944,Rafaelia,Blackler,Genderfluid,33,rblacklerq7@naver.com,$13435.20,1992
945,Grantham,Gaythwaite,Male,78,ggaythwaiteq8@rambler.ru,$14533.43,2006
946,Jaquelin,Vedyaev,Female,40,jvedyaevq9@godaddy.com,$9587.11,2000
947,Morgan,Houndsom,Female,27,mhoundsomqa@moonfruit.com,$2611.60,1990
948,Lisabeth,Lorden,Female,66,llordenqb@huffingtonpost.com,$1725.97,1994
949,Emlynne,Roderighi,Female,43,eroderighiqc@barnesandnoble.com,$4127.76,2004
950,Tracie,Scarlett,Male,52,tscarlettqd@bandcamp.com,$13846.04,2008
951,Philippa,Melly,Female,32,pmellyqe@google.es,$890.91,1991
952,Kareem,Goldman,Male,24,kgoldmanqf@time.com,$13982.36,1995
953,Aurelea,Pevreal,Female,26,apevrealqg@yellowpages.com,$9791.74,2005
954,Jaquelyn,Lindfors,Female,78,jlindforsqh@merriam-webster.com,$17440.54,1988
955,Caty,Pollard,Female,77,cpollardqi@apache.org,$12630.89,2007
956,Morgen,Brenard,Male,30,mbrenardqj@google.cn,$12316.65,1998
957,Margot,Greystoke,Female,60,mgreystokeqk@state.tx.us,$15967.74,1996
958,Maryjane,Brisland,Female,28,mbrislandql@go.com,$9624.32,2007
959,Devina,Robbe,Female,53,drobbeqm@fema.gov,$15292.18,1993
960,Ann,Dixcey,Female,31,adixceyqn@topsy.com,$12007.12,2012
961,Constancy,McCrone,Female,68,cmccroneqo@bizjournals.com,$1107.36,1992
962,Fielding,Goodswen,Male,73,fgoodswenqp@imgur.com,$4736.86,2007
963,Dick,Maldin,Male,59,dmaldinqq@cyberchimps.com,$5297.70,2000
964,Josselyn,Hawkin,Bigender,48,jhawkinqr@accuweather.com,$16170.12,1994
965,Xenos,Howse,Bigender,30,xhowseqs@gnu.org,$13869.08,2009
966,Milzie,Sawyers,Female,46,msawyersqt@xinhuanet.com,$8091.83,2002
967,Renault,Alekseev,Non-binary,54,ralekseevqu@pcworld.com,$4787.40,1999
968,Binny,Duham,Female,67,bduhamqv@php.net,$10971.58,1985
969,Dalila,Dulany,Female,69,ddulanyqw@nytimes.com,$8644.75,2008
970,Bertram,Di Biasi,Male,28,bdibiasiqx@diigo.com,$9684.22,2008
971,Foss,Kempshall,Male,68,fkempshallqy@gravatar.com,$6949.80,2012
972,Madonna,Baudou,Female,58,mbaudouqz@drupal.org,$3870.81,2011
973,Angeline,Burgoyne,Female,30,aburgoyner0@microsoft.com,$4024.66,1985
974,Audrie,Reicharz,Female,41,areicharzr1@blogspot.com,$13587.05,2011
975,Lena,Chadbourne,Female,70,lchadbourner2@instagram.com,$6451.51,2007
976,Kippy,Hazel,Male,59,khazelr3@nbcnews.com,$15443.24,2005
977,Adelaide,Simnel,Female,47,asimnelr4@ucoz.com,$9390.79,1999
978,Steffie,Demonge,Polygender,76,sdemonger5@netlog.com,$9177.12,1999
979,Nancie,Folker,Female,51,nfolkerr6@blinklist.com,$8359.22,2006
980,Pierre,Shay,Male,47,pshayr7@fastcompany.com,$6436.98,1968
981,Jeffie,Wong,Male,37,jwongr8@shareasale.com,$12203.26,2012
982,Cyrillus,Choules,Male,30,cchoulesr9@businessweek.com,$1504.66,2008
983,Melinde,Junes,Female,48,mjunesra@archive.org,$10450.05,1992
984,Carolann,Hacket,Female,28,chacketrb@istockphoto.com,$13308.04,2000
985,Corey,Tinton,Female,60,ctintonrc@epa.gov,$11152.75,2006
986,Konstantine,Pea,Male,73,kpeard@smh.com.au,$3876.77,1999
987,Gabey,Pessler,Female,39,gpesslerre@spiegel.de,$8254.54,2001
988,Monroe,Corrin,Male,64,mcorrinrf@trellian.com,$15994.41,2011
989,Estell,Haken,Female,46,ehakenrg@netscape.com,$14528.12,1998
990,Tani,Godden,Female,71,tgoddenrh@cocolog-nifty.com,$17224.68,2004
991,Rupert,Pasley,Male,33,rpasleyri@histats.com,$2320.05,2005
992,Micaela,Wasmer,Female,68,mwasmerrj@github.io,$13367.98,1998
993,Sindee,Heijnen,Female,76,sheijnenrk@twitter.com,$2083.85,1985
994,Genny,Camilio,Female,56,gcamiliorl@va.gov,$9477.78,2005
995,Tate,Cottem,Male,63,tcottemrm@unesco.org,$13036.71,2000
996,Kaitlin,McCartney,Female,27,kmccartneyrn@utexas.edu,$13836.77,1994
997,Marissa,Eskriet,Female,51,meskrietro@simplemachines.org,$17758.51,2011
998,Lonnard,I'anson,Male,52,liansonrp@webmd.com,$453.83,1993
999,Erena,Arbuckel,Female,23,earbuckelrq@hatena.ne.jp,$1411.36,1998
1000,Fredrick,Lanchberry,Male,75,flanchberryrr@blinklist.com,$14210.09,1988
